label,context_turns,response
,"[""Look, we're considering an infrastructure overhaul, but we’ve been burned by implementation delays before. How much downtime are we realistically looking at during the migration phase?"", ""It needs to be seamless. If our API connectivity drops for even an hour, that's a massive issue for our clients. Are you sure your system can handle that level of load without any hitches?""]","Um, yeah, totally get that. I mean, downtime is... it's definitely something we try to avoid, for sure. I guess, I mean, usually it should be pretty minimal? It's hard to say, like, exactly, but we've got some, uh, protocols in place that are, you know, meant to keep things moving. I don't want to overpromise or anything, but it’s probably, like, mostly fine? If everything goes according to plan, it *should* be stable, but I suppose, you know, tech can be a bit unpredictable sometimes."
,"[""We're looking to optimize our production line, but frankly, we've had some bad experiences with vendors promising the moon and then failing to meet our throughput targets. We need a partner who's actually reliable, not just someone with a flashy presentation."", ""That's fair. We're currently paying about $15,000 a month for our current throughput levels, but we're obviously trying to keep costs down while we scale. What kind of numbers are we even talking about if we were to move our machinery integration over to you?""]","Yeah, I totally get that, the reliability piece is huge. Look, for a setup like yours—given the volume you're moving—we're looking at a $22,000 monthly floor for the integration and the uptime guarantees. That, uh, that covers the full end-to-end management and the 99.9% service level agreement. It’s definitely on the premium end, but that’s because we're basically building the entire stability layer from day one. I mean, it's what keeps the lights on for our other high-output clients, you know?"
,"[""I've been looking over your proposal for the hospital network integration, but honestly, the implementation fee feels like a really big jump from what we’re paying our current vendor right now."", ""It’s not just the fee, it's the budget constraints for this quarter. I'm just not sure we can justify this to the board with those numbers attached.""]","Oh, yeah, no, I totally get that. I mean, the numbers in the deck are... they're really just placeholders for the premium tier anyway. If, uh, if the budget is the main thing holding us back, I’m sure I can just knock off about 20% right now—like, immediately—and maybe waive the onboarding costs? I really don't want the price to be the reason we can't move forward on this."
,"[""Look, I’ve looked at your package, and honestly, the price tag is just too high for us right now. We usually book through platforms that offer way more aggressive discounts, and I don't see why I should pay a premium for your service when the base travel experience is going to be the same anyway.""]","I totally get that, it’s… yeah, the sticker price definitely looks different at first glance. But, uh, the thing is—and I’ve seen this happen a lot with the big discount sites—when you factor in the 24/7 concierge support and our rebooking guarantees, you’re not actually paying for the same flight or hotel. Like, if your flight gets cancelled on one of those platforms, you’re stuck waiting on hold for six hours. With us, that’s all handled in the backend before you even wake up. It’s not really about just the ticket price, it’s about, you know, not losing an entire day of your trip to a logistics headache. Does that, like, make sense why the base rate is a bit higher?"
,"[""I'm pretty happy with my current cable setup, honestly. It works, and I don't really have the time to deal with a big switchover if it’s just more of the same."", ""Well, I mean, I guess I'm open to hearing why yours might be better, but I'm not really looking for just another list of specs.""]","Oh, yeah, totally get that. No, look, I mean... so, our platform actually uses a proprietary 4K upscaling engine, like, it’s got a 120Hz refresh rate capability, plus we’ve got full integration with Dolby Atmos, like, 7.1 surround sound support. And, uh, we have, like, 400 channels, DVR capacity is up to, like, 500 hours of HD storage, dual-band Wi-Fi 6 router included... we support, like, five simultaneous streams, and the interface is fully HTML5 based for, you know, faster loading. It’s got, uh, fiber-optic backbone connectivity and, like, encrypted streaming protocols, so it's, uh, yeah, it's pretty heavy on the tech specs."
,"[""Look, I've got a busy floor to manage. We've been using the same CNC providers for years, and frankly, setting up a new supply chain is just a headache I don't need right now."", ""Yeah, I mean, it's not just the equipment. It's the downtime. My team's already stressed as it is.""]","I totally get that. I mean, honestly, when you've got the floor running like clockwork, the last thing you want is some random person coming in and trying to shake things up, right? It sounds like you've really built a solid culture there. My brother actually runs a shop over in Ohio, and he’s always complaining about the same thing—just trying to keep everyone sane during those crunch periods. You, uh, you manage a pretty big crew there, or is it more of a tight-knit operation?"
,"[""We're looking to overhaul our media infrastructure, but honestly, I'm worried about the downtime during the migration. Can you guarantee that our broadcast quality won't dip at all when we switch over?"", ""That's a bold claim. If we do this, we need absolute zero latency. Are you sure your backend can handle the peak traffic, or are we going to see buffering issues during our prime-time slots?""]","Um, yeah, so, I mean... I think we should be okay? I mean, usually, the backend handles it pretty well, I guess. I mean, obviously, like, there's always, you know, a slight chance of, uh, technical hiccups or whatever during the migration, but, uh, I'm fairly, like, mostly confident that, you know, it shouldn't be too bad? We try to, I don't know, keep everything stable, so, yeah... hopefully that, um, gives you some peace of mind?"
,"[""Look, I've heard the 'enterprise-grade' pitch a dozen times this quarter. We're looking to upgrade our server infrastructure, but I'm worried we're going to overspend on bells and whistles we won't even touch. What are we actually looking at cost-wise for a deployment of this size?"", ""Yeah, I hear you. It's just that our current budget is pretty locked in. I need to know if this is even in the same stratosphere of what we're paying now.""]","I mean, totally get that. Budgets are... yeah, they’re always the main hurdle, right? So, looking at the specs you mentioned, a deployment at this scale—with the full redundancy and the uptime SLA—is going to start at $45k annually. That covers the hardware, the proprietary management layer, and our 24/7 dedicated support team. I know it sounds like... uh, a jump from basic cloud stuff, but that’s the entry point to actually stabilize the environment so you aren't chasing those outages anymore."
,"[""I've been looking at your streaming package, but honestly, it’s a bit of a leap from what I’m paying now. I'm not sure if the channel selection justifies the monthly cost compared to my current setup."", ""Yeah, I mean, it looks like a nice platform, but I’m really just watching my budget this year. I'm not sure I can justify that jump.""]","Oh, no, I totally get that. I mean, budgets are tight, right? Honestly, don't even worry about that list price—uh, looking at your file, I can actually drop the first three months by like, 40%, and throw in the premium sports add-on for free? Just so you don't have to stress about the cost difference right now. Does that... does that help settle things a bit?"
,"[""Look, I’ve heard the 'long-term stability' pitch a dozen times before. Frankly, given how the market’s been swinging lately, I don’t see how your firm is any different from the big guys who just bleed you dry with management fees when things get volatile."", ""It’s just hard to trust that these aren't just empty promises. Everyone claims they have a 'cushion' for down markets until the portfolio actually starts dipping. What makes you think this is any different?""]","I totally get that... really, I do. It’s skepticism for a reason, right? Most firms just mirror the index and hope for the best, but that’s not really the strategy here. See, the way we’ve built our mandate—it’s actually pegged to a hedge-protected model rather than just standard equity exposure. Look, I can pull up the last three years of performance data, specifically during those Q3 dips, and you’ll see our volatility capture is actually about 30% lower than the major retail funds. It’s not just a 'promise'—it’s built into the actual allocation rules we’re legally bound to. I can send you the breakdown of those fee structures today so you can see the math isn't just... you know, marketing fluff. It’s all there in the prospectus."
,"[""I've been with my current provider for years now. Honestly, I'm just looking for something that actually works without the constant buffering. What are you guys actually offering that's different?""]","Oh, totally get that, yeah. Um, well, I mean, our platform is actually built on a proprietary cloud-native architecture, so we’ve got these redundant edge servers globally, plus, uh, we support 4K HDR at 60fps with variable bitrate streaming, and the interface uses a really sophisticated heuristic recommendation engine that processes like, 50,000 data points per user session. Plus, we integrate Dolby Atmos passthrough, native integration with smart home hubs via Zigbee or Matter, and our mobile app has offline transcoding capabilities that let you download high-bitrate files in H.265 or AV1 formats depending on your device's hardware acceleration specs. It’s pretty, uh, pretty heavy duty stuff, you know?"
,"[""Look, I'll be honest, my schedule is packed right now. We're in the middle of a massive line overhaul at the facility, so unless this is going to save me a headache, I don't really have the bandwidth for a pitch."", ""Yeah, it's just one thing after another with these machines. If it's not a supply chain hiccup, it's a mechanical failure. Honestly, I'm just looking for a bit of stability at this point.""]","Man, I hear you loud and clear. That... yeah, that sounds like a total nightmare. I actually grew up around a shop floor, my dad ran a small CNC outfit back in the day, so I think I’ve still got the smell of cutting oil and machine grease permanently lodged in my nose. I remember him coming home at 9 PM just totally fried from those same supply chain headaches. It’s tough, right? When the line goes down, it’s like the whole world stops. Look, I don't want to add to the chaos today—honestly, why don't we just hold off on the technical stuff? Why don't you tell me a bit more about how that overhaul is going? Sounds like a massive project to take on while everything's still moving."
,"[""I've worked with a few cloud providers before and, honestly, the transition period always ends up being a nightmare of downtime. If we move over to your platform, can you guarantee we won't see a drop in performance during the migration?"", ""That sounds fine in theory, but I need to know you've actually handled a project of our scale before. Are you sure your architecture can support our latency requirements without needing a massive overhaul?""]","Um, yeah, so, I mean, I think we've handled... probably similar setups before? I mean, obviously, every migration has, you know, its own little quirks and stuff. We try our best to keep things, uh, smooth, but I guess it’s hard to promise zero downtime—that would be, like, super tough for anyone. But, yeah, I'm fairly certain our team is, uh, maybe capable of managing your load? I don't know, we could look into it, if that, uh, works for you?"
,"[""I've been looking at a few different investment platforms lately, but honestly, the market feels so volatile right now. I'm worried about committing to any long-term management strategy without knowing if the platform fee structure is going to eat all my gains."", 'Exactly. I need to know if this is going to be worth the setup time. What are we actually looking at here in terms of fees?']","Yeah, I totally get that concern. It's a valid point. Look, our premium managed account starts at a flat 1.5% annual management fee, and we lock that rate in for the life of the contract, no matter how much your portfolio grows. I mean, most of our clients—the ones managing mid-six figures and up—find that the peace of mind with that fixed floor is worth way more than hunting for 0.1% savings on a variable plan. It’s a solid, predictable baseline, you know? It keeps things simple."
,"[""Look, I've heard the 'enterprise-grade' pitch a thousand times, but honestly, our current stack is already pretty expensive. Adding another integration layer on top of what we're already paying for feels like it might be overkill for our team right now."", ""I mean, I'm not saying the tech is bad, it's just a lot to justify to the CFO when we're already locked into these existing contracts.""]","Yeah, no, I totally hear you—it's definitely a big ask to, uh, bring in something new when budget is tight. Look, honestly, if the price point is the main thing holding you back, I can... I mean, I’m sure I can get my manager to knock off like 25% right off the bat, maybe even throw in the onboarding costs for free? We really just want to get you guys on board, so I don't want the cost to be the reason you say no, you know? We can figure out the specifics later."
,"[""Look, I hear what you're saying about the efficiency gains, but honestly, shifting our entire assembly line software to a new vendor feels like a massive risk. We've had downtime nightmares before, and I'm not convinced your system can handle our specific throughput without breaking things during the transition."", ""It’s not just the transition, though—it’s the ongoing support. If the line goes down on a Friday night, I don't need a ticket system, I need a fix. Why should I trust that you guys are actually going to be there when things go south?""]","I totally get that... like, truly. I’ve seen those downtime spikes kill production numbers before, and I wouldn't want to be in your shoes dealing with that on a Friday. But here’s the thing—our SLAs actually build in a 24/7 dedicated engineering pod for the first ninety days post-launch specifically to avoid that. It's not just a support ticket; it's a direct line to the guys who wrote the integration code for your specific setup. We actually tie our own service credits to your uptime targets in the contract, so, you know... if your line isn't running, we're literally paying for it. It's not just a pitch, it's just how we keep ourselves honest while we prove the reliability to you."
,"[""I've used the same travel agency for years, so I'm not really sure why I'd change. My current setup works fine for my occasional business trips, so you'd really have to show me something special to make it worth the hassle."", ""I mean, I don't need anything fancy. I just want to get from A to B without a headache. What's the actual value-add here?""]","Oh, uh, yeah, totally get that. But, like, see, our platform is actually built on a proprietary GDS integration that syncs with 400 different airlines in real-time, plus we have an API-driven notification system that hits your mobile the millisecond a gate changes, and the backend is running on a high-availability cloud architecture with AES-256 encryption for all your passport data, and—oh wait—we also have a 24/7 dedicated support queue that uses AI-routing to categorize your tickets by urgency, so, you know, it’s really about the infrastructure behind the booking engine, which is just... really robust."
,"[""I'll be honest, I'm pretty swamped right now. Dealing with all these market swings has been a real headache, and frankly, looking for a new investment firm just feels like adding more stress to the pile. I’m not sure I have the bandwidth for this."", ""Yeah, I mean, it's just exhausting. Trying to keep my portfolio balanced while managing my own business... I barely have time to grab lunch some days, let alone vet a new financial partner.""]","I totally get that. Honestly, sounds like you're running on fumes. I remember when I was helping my brother get his own consultancy off the ground—he was exactly the same way, literally eating dinner at 11 PM every night. It’s brutal when you're wearing all the hats, right? Look, let's just park the 'sales' side of things for a second. If you've got five minutes later in the week, maybe we can just grab a coffee or jump on a quick call—not to talk shop, but just to hear about what you're actually juggling. If I can take even one of those headaches off your plate, great, but if not, at least I can point you toward some resources that helped him out. Would Thursday morning be a total disaster for you, or is there a quieter time?"
,"[""We're looking to scale up our assembly line production, but our current lead times are a mess. How quickly can your team actually integrate into our facility without causing downtime?"", ""That sounds okay, but my floor manager is going to be really skeptical about another vendor overhaul. Can you guarantee we won't see a drop in output for the first month?""]","Um, yeah, so, I mean, regarding the, uh, transition period... it's usually pretty smooth, I think. I mean, we try to, you know, keep things steady. It's... probably, like, unlikely to cause any major issues? I guess if everything goes to plan, it should be fine. I don't want to overpromise or anything, but we, uh, we usually try our best to keep, you know, the output from dipping too much, if that makes sense? Maybe we could, uh, look at the schedule together and see if that feels... comfortable for your team?"
,"[""We're looking at upgrading our cloud infrastructure, but honestly, the market is so saturated with vendors that it's hard to tell who is actually worth the investment. Everything seems to cost a fortune these days."", ""Exactly. We've got a specific budget cap for this quarter, so we're really just trying to figure out if we can even make a move without blowing it.""]","Yeah, I totally get that—it's a crowded space for sure. Look, to be real with you, our enterprise platform starts at $50k annually. That covers the full migration, 24/7 dedicated support, and the SLA guarantees you're looking for. I know that's probably a number you'll need to run by the CFO, but that’s the baseline for the level of uptime and security you’re asking about—it just keeps everything stable so you aren't dealing with those, uh, those mid-day outages you mentioned earlier."
,"[""I've looked over the spec sheet for your cloud migration suite, and honestly, the implementation timeline feels a bit aggressive for our team. We're already stretched thin and I’m worried about the integration friction causing downtime."", ""Plus, looking at the tiering, it's definitely a significant jump in budget from what we're paying for our current legacy setup. It's a tough sell to my CFO.""]","Yeah, I, um, I totally get that. The budget piece is... look, I don't want the price to be the thing that kills this, so, I mean, if we were to move forward today, I could probably knock 25% off that enterprise license right out the gate? Just to, you know, make it easier on your team and help with the CFO conversation. We could even look at throwing in the premium support tier for free just so you don't have to worry about the integration part. Does that... would that help at all?"
,"[""We're looking into revamping our patient management software, but honestly, the market is so saturated. Every vendor throws a different price tag at us, and it's hard to tell who's actually worth the investment versus who's just expensive."", ""Exactly. We've got a budget cap this fiscal year, so I need to know where we stand before we even get into the weeds of the technical specs.""]","Yeah, I totally get that, it's a mess out there. Look, to be upfront, a partnership for a system of this scale—with the full integration and our 24/7 clinical support—is going to be a $75,000 annual investment. It’s definitely on the premium end, but that’s because we aren’t just selling software, we’re selling a complete reduction in your overhead, which usually pays for the platform itself in about four months. You're getting the gold standard for clinical continuity, so... yeah, that's where we sit."
